Season,W,L,Finish,Age,G,MP,FG,FGA,FG%,3P,3PA,3P%,2P,2PA,2P%,FT,FTA,FT%,ORB,DRB,TRB,AST,STL,BLK,TOV,PF,PTS,Team_Acronym,Season_Year
2024-25,40,42,2,24.9,82,19780,3556,7528,0.472,1107,3089,0.358,2449,4439,0.552,1472,1900,0.775,974,2675,3649,2426,798,419,1273,1564,9691,ATL,2024.0
2023-24,36,46,3,26.2,82,19855,3529,7584,0.465,1125,3092,0.364,2404,4492,0.535,1520,1906,0.797,1024,2639,3663,2180,615,369,1110,1522,9703,ATL,2023.0
2022-23,41,41,2,24.9,82,19855,3658,7574,0.483,882,2505,0.352,2776,5069,0.548,1513,1850,0.818,920,2719,3639,2049,580,401,1060,1541,9711,ATL,2022.0
2021-22,43,39,2,26.1,82,19705,3401,7241,0.47,1056,2821,0.374,2345,4420,0.531,1485,1829,0.812,823,2783,3606,2017,587,348,972,1534,9343,ATL,2021.0
2020-21,41,31,1,25.4,72,17405,2937,6281,0.468,895,2402,0.373,2042,3879,0.526,1417,1745,0.812,760,2525,3285,1737,503,342,953,1392,8186,ATL,2020.0
2019-20,20,47,5,24.1,67,16280,2723,6067,0.449,805,2416,0.333,1918,3651,0.525,1237,1566,0.79,661,2237,2898,1605,523,341,1086,1548,7488,ATL,2019.0
2018-19,29,53,5,25.1,82,19855,3392,7524,0.451,1067,3034,0.352,2325,4490,0.518,1443,1918,0.752,955,2825,3780,2118,675,419,1397,1932,9294,ATL,2018.0
2017-18,24,58,5,25.4,82,19705,3130,7015,0.446,917,2544,0.36,2213,4471,0.495,1298,1654,0.785,743,2693,3436,1946,638,348,1275,1606,8475,ATL,2017.0
2016-17,43,39,2,27.9,82,19880,3123,6918,0.451,729,2137,0.341,2394,4781,0.501,1484,2039,0.728,842,2793,3635,1938,672,397,1294,1491,8459,ATL,2016.0
2015-16,48,34,2,28.2,82,19830,3168,6923,0.458,815,2326,0.35,2353,4597,0.512,1282,1638,0.783,679,2772,3451,2100,747,486,1226,1570,8433,ATL,2015.0
2014-15,60,22,1,27.8,82,19730,3121,6699,0.466,818,2152,0.38,2303,4547,0.506,1349,1735,0.778,715,2611,3326,2111,744,380,1167,1457,8409,ATL,2014.0
2013-14,38,44,4,27.6,82,19830,3061,6688,0.458,768,2116,0.363,2293,4572,0.502,1392,1782,0.781,713,2565,3278,2041,680,326,1251,1577,8282,ATL,2013.0
2012-13,44,38,2,27.1,82,19855,3084,6644,0.464,706,1901,0.371,2378,4743,0.501,1158,1619,0.715,758,2593,3351,2007,664,369,1219,1473,8032,ATL,2012.0
2011-12,40,26,2,27.9,66,16165,2429,5348,0.454,492,1330,0.37,1937,4018,0.482,1025,1385,0.74,652,2066,2718,1481,536,303,921,1178,6375,ATL,2011.0
2010-11,44,38,3,27.4,82,19730,2971,6429,0.462,502,1427,0.352,2469,5002,0.494,1346,1728,0.779,762,2460,3222,1802,497,341,1118,1554,7790,ATL,2010.0
2024-25,61,21,1,28.9,82,19830,3413,7382,0.462,1457,3955,0.368,1956,3427,0.571,1251,1565,0.799,933,2783,3716,2144,589,452,973,1303,9534,BOS,2024.0
2023-24,64,18,1,28.2,82,19830,3601,7396,0.487,1351,3482,0.388,2250,3914,0.575,1334,1654,0.807,876,2923,3799,2207,557,538,979,1326,9887,BOS,2023.0
2022-23,57,25,1,27.4,82,19980,3460,7278,0.475,1315,3492,0.377,2145,3786,0.567,1436,1769,0.812,796,2921,3717,2186,521,430,1095,1542,9671,BOS,2022.0
2021-22,51,31,1,26.1,82,19905,3341,7167,0.466,1085,3044,0.356,2256,4123,0.547,1397,1713,0.816,863,2915,3778,2036,591,478,1118,1521,9164,BOS,2021.0
2020-21,36,36,4,25.1,72,17380,2985,6401,0.466,979,2618,0.374,2006,3783,0.53,1160,1496,0.775,765,2421,3186,1689,556,383,1012,1471,8109,BOS,2020.0
2019-20,48,24,2,25.3,72,17430,2971,6448,0.461,905,2487,0.364,2066,3961,0.522,1336,1668,0.801,768,2549,3317,1655,595,406,995,1553,8183,BOS,2019.0
2018-19,49,33,3,25.7,82,19780,3451,7423,0.465,1032,2829,0.365,2419,4594,0.527,1282,1598,0.802,804,2849,3653,2155,706,435,1052,1670,9216,BOS,2018.0
2017-18,55,27,2,24.7,82,19805,3141,6975,0.45,939,2492,0.377,2202,4483,0.491,1308,1697,0.771,767,2878,3645,1842,604,373,1148,1618,8529,BOS,2017.0
2016-17,53,29,1,25.9,82,19755,3168,6978,0.454,985,2742,0.359,2183,4236,0.515,1536,1903,0.807,744,2698,3442,2069,617,340,1088,1686,8857,BOS,2016.0
2015-16,48,34,2,25.2,82,19780,3216,7318,0.439,717,2142,0.335,2499,5176,0.483,1520,1929,0.788,950,2733,3683,1981,752,348,1127,1796,8669,BOS,2015.0
2014-15,40,42,2,25.0,82,19880,3193,7211,0.443,660,2021,0.327,2533,5190,0.488,1266,1678,0.754,910,2685,3595,2009,674,294,1133,1738,8312,BOS,2014.0
2013-14,25,57,4,25.4,82,19730,2996,6883,0.435,575,1729,0.333,2421,5154,0.47,1325,1706,0.777,980,2505,3485,1726,584,343,1261,1743,7892,BOS,2013.0
2012-13,41,40,3,29.1,81,19840,3001,6459,0.465,498,1390,0.358,2503,5069,0.494,1318,1698,0.776,654,2533,3187,1843,667,365,1181,1717,7818,BOS,2012.0
2011-12,39,27,1,29.3,66,15940,2341,5086,0.46,363,988,0.367,1978,4098,0.483,1017,1308,0.778,509,2051,2560,1557,498,362,979,1315,6062,BOS,2011.0
2010-11,56,26,1,29.5,82,19780,3023,6219,0.486,408,1119,0.365,2615,5100,0.513,1459,1895,0.77,639,2542,3181,1921,676,344,1195,1678,7913,BOS,2010.0
2024-25,26,56,4,24.7,82,19780,3086,7060,0.437,1113,3232,0.344,1973,3828,0.515,1334,1696,0.787,894,2493,3387,2063,639,352,1244,1698,8619,BRK,2024.0
2023-24,32,50,4,26.1,82,19805,3334,7307,0.456,1089,3010,0.362,2245,4297,0.522,1293,1711,0.756,938,2675,3613,2102,556,424,1076,1516,9050,BRK,2023.0
2022-23,45,37,4,28.0,82,19730,3399,6978,0.487,1048,2771,0.378,2351,4207,0.559,1449,1811,0.8,674,2648,3322,2093,585,506,1127,1730,9295,BRK,2022.0
2021-22,44,38,4,29.1,82,19755,3442,7251,0.475,940,2602,0.361,2502,4649,0.538,1434,1781,0.805,844,2796,3640,2071,582,448,1153,1670,9258,BRK,2021.0
2020-21,48,24,2,28.2,72,17405,3106,6289,0.494,1020,2600,0.392,2086,3689,0.565,1305,1623,0.804,640,2559,3199,1929,484,379,975,1371,8537,BRK,2020.0
2019-20,35,37,4,26.3,72,17480,2908,6498,0.448,941,2746,0.343,1967,3752,0.524,1291,1732,0.745,766,2683,3449,1761,464,323,1099,1510,8048,BRK,2019.0
2018-19,42,40,4,25.4,82,19980,3301,7358,0.449,1047,2965,0.353,2254,4393,0.513,1555,2088,0.745,900,2919,3819,1954,539,339,1236,1763,9204,BRK,2018.0
2017-18,28,54,5,25.1,82,19855,3136,7114,0.441,1041,2924,0.356,2095,4190,0.5,1428,1850,0.772,792,2852,3644,1941,512,390,1245,1688,8741,BRK,2017.0
2016-17,20,62,5,26.0,82,19755,3102,6987,0.444,877,2591,0.338,2225,4396,0.506,1592,2020,0.788,721,2879,3600,1756,593,387,1356,1726,8673,BRK,2016.0
2015-16,21,61,4,26.9,82,19755,3136,6920,0.453,531,1508,0.352,2605,5412,0.481,1286,1699,0.757,863,2614,3477,1829,627,332,1212,1476,8089,BRK,2015.0
2014-15,38,44,3,28.6,82,19930,3069,6804,0.451,541,1633,0.331,2528,5171,0.489,1359,1817,0.748,846,2627,3473,1716,576,340,1133,1579,8038,BRK,2014.0
2013-14,44,38,2,30.0,82,19880,2931,6391,0.459,709,1922,0.369,2222,4469,0.497,1508,2002,0.753,721,2407,3128,1714,705,311,1191,1777,8079,BRK,2013.0
2012-13,49,33,2,28.6,82,19855,2942,6544,0.45,628,1760,0.357,2314,4784,0.484,1432,1958,0.731,1047,2460,3507,1668,599,391,1206,1500,7944,BRK,2012.0
2011-12,22,44,5,26.1,66,15890,2262,5320,0.425,507,1481,0.342,1755,3839,0.457,1113,1433,0.777,783,1879,2662,1311,493,260,995,1268,6144,BRK,2011.0
2010-11,24,58,4,24.8,82,20005,2918,6638,0.44,459,1337,0.343,2459,5301,0.464,1427,1881,0.759,909,2440,3349,1723,458,384,1152,1807,7722,BRK,2010.0
2024-25,19,63,4,25.1,82,19755,3142,7308,0.43,1065,3143,0.339,2077,4165,0.499,1269,1621,0.783,1003,2703,3706,1994,607,368,1271,1535,8618,CHA,2024.0
2023-24,21,61,4,25.1,82,19730,3281,7133,0.46,989,2788,0.355,2292,4345,0.528,1189,1512,0.786,765,2538,3303,2033,562,371,1129,1472,8740,CHA,2023.0
2022-23,27,55,5,25.3,82,19830,3385,7413,0.457,881,2669,0.33,2504,4744,0.528,1447,1933,0.749,901,2751,3652,2062,634,425,1164,1661,9098,CHA,2022.0
2021-22,43,39,3,25.5,82,19880,3508,7497,0.468,1143,3130,0.365,2365,4367,0.542,1298,1753,0.74,888,2767,3655,2302,707,402,1087,1629,9457,CHA,2021.0
2020-21,33,39,4,24.6,72,17355,2875,6324,0.455,985,2666,0.369,1890,3658,0.517,1146,1505,0.761,762,2389,3151,1933,565,344,1069,1297,7881,CHA,2020.0
2019-20,23,42,3,24.3,65,15750,2425,5586,0.434,785,2231,0.352,1640,3355,0.489,1052,1406,0.748,715,2066,2781,1549,428,268,949,1223,6687,CHA,2019.0
2018-19,39,43,2,26.6,82,19830,3297,7362,0.448,977,2783,0.351,2320,4579,0.507,1510,1895,0.797,814,2778,3592,1905,591,405,1001,1550,9081,CHA,2018.0
2017-18,36,46,3,26.6,82,19780,3197,7106,0.45,824,2233,0.369,2373,4873,0.487,1656,2216,0.747,827,2901,3728,1770,559,373,1041,1409,8874,CHA,2017.0
2016-17,36,46,4,26.5,82,19830,3093,7000,0.442,824,2347,0.351,2269,4653,0.488,1591,1953,0.815,721,2853,3574,1891,571,390,942,1360,8601,CHA,2016.0
2015-16,48,34,3,26.0,82,19855,3036,6922,0.439,873,2410,0.362,2163,4512,0.479,1534,1941,0.79,734,2869,3603,1778,595,438,1029,1487,8479,CHA,2015.0
2014-15,33,49,4,26.0,82,19905,2913,6932,0.42,498,1566,0.318,2415,5366,0.45,1397,1867,0.748,820,2793,3613,1654,499,448,976,1494,7721,CHA,2014.0
2013-14,43,39,3,25.5,82,19905,2976,6730,0.442,516,1471,0.351,2460,5259,0.468,1474,2000,0.737,776,2724,3500,1778,499,421,1010,1493,7942,CHA,2013.0
2012-13,21,61,4,24.4,82,19805,2823,6649,0.425,469,1399,0.335,2354,5250,0.448,1546,2060,0.75,917,2389,3306,1587,591,479,1153,1561,7661,CHA,2012.0
2011-12,7,59,5,24.5,66,15890,2193,5293,0.414,263,892,0.295,1930,4401,0.439,1090,1462,0.746,677,1894,2571,1326,397,361,957,1249,5739,CHA,2011.0
2010-11,34,48,4,26.9,82,19805,2873,6365,0.451,393,1203,0.327,2480,5162,0.48,1511,1999,0.756,848,2444,3292,1728,524,433,1192,1637,7650,CHA,2010.0
2024-25,39,43,5,25.2,82,19755,3543,7545,0.47,1266,3447,0.367,2277,4098,0.556,1308,1617,0.809,825,2935,3760,2383,621,386,1203,1444,9660,CHI,2024.0
2023-24,39,43,4,28.1,82,19980,3448,7339,0.47,941,2630,0.358,2507,4709,0.532,1369,1731,0.791,916,2677,3593,2048,638,394,1004,1541,9206,CHI,2023.0
2022-23,40,42,3,27.5,82,19905,3488,7116,0.49,854,2367,0.361,2634,4749,0.555,1446,1788,0.809,694,2779,3473,2006,644,371,1097,1551,9276,CHI,2022.0
2021-22,46,36,2,26.3,82,19730,3422,7127,0.48,872,2364,0.369,2550,4763,0.535,1436,1766,0.813,711,2760,3471,1958,585,336,1053,1540,9152,CHI,2021.0
2020-21,31,41,3,25.6,72,17380,3035,6380,0.476,904,2446,0.37,2131,3934,0.542,995,1258,0.791,693,2544,3237,1927,482,304,1089,1362,7969,CHI,2020.0
2019-20,22,43,3,24.4,65,15675,2573,5762,0.447,793,2282,0.348,1780,3480,0.511,1006,1332,0.755,680,2041,2721,1510,652,265,1005,1417,6945,CHI,2019.0
2018-19,22,60,4,24.0,82,19905,3266,7205,0.453,745,2123,0.351,2521,5082,0.496,1328,1695,0.783,718,2799,3517,1796,603,351,1159,1663,8605,CHI,2018.0
2017-18,27,55,5,24.4,82,19855,3170,7285,0.435,906,2549,0.355,2264,4736,0.478,1194,1574,0.759,790,2872,3662,1923,626,289,1147,1571,8440,CHI,2017.0
2016-17,41,41,4,26.9,82,19780,3169,7141,0.444,623,1831,0.34,2546,5310,0.479,1474,1848,0.798,999,2797,3796,1851,643,393,1112,1455,8435,CHI,2016.0
2015-16,42,40,4,27.6,82,19905,3165,7170,0.441,651,1753,0.371,2514,5417,0.464,1354,1720,0.787,907,2889,3796,1870,495,470,1141,1545,8335,CHI,2015.0
2014-15,50,32,2,28.8,82,19880,3001,6797,0.442,645,1825,0.353,2356,4972,0.474,1618,2067,0.783,959,2792,3751,1781,514,476,1145,1495,8265,CHI,2014.0
2013-14,48,34,2,28.6,82,19930,2843,6577,0.432,508,1459,0.348,2335,5118,0.456,1486,1908,0.779,937,2683,3620,1860,594,424,1223,1565,7680,CHI,2013.0
2012-13,45,37,2,28.0,82,19830,2926,6698,0.437,446,1265,0.353,2480,5433,0.456,1343,1738,0.773,1026,2514,3540,1886,588,417,1171,1617,7641,CHI,2012.0
2011-12,50,16,1,27.1,66,15940,2467,5462,0.452,419,1117,0.375,2048,4345,0.471,1006,1394,0.722,915,2165,3080,1527,456,388,923,1139,6359,CHI,2011.0
2010-11,62,20,1,26.4,82,19830,3042,6587,0.462,511,1415,0.361,2531,5172,0.489,1492,2008,0.743,967,2654,3621,1827,592,468,1161,1639,8087,CHI,2010.0
2024-25,64,18,1,26.6,82,19755,3652,7444,0.491,1303,3401,0.383,2349,4043,0.581,1392,1793,0.776,917,2806,3723,2304,670,350,1082,1487,9999,CLE,2024.0
2023-24,48,34,2,26.2,82,19805,3425,7148,0.479,1108,3016,0.367,2317,4132,0.561,1278,1671,0.765,807,2742,3549,2299,605,380,1112,1436,9236,CLE,2023.0
2022-23,51,31,2,25.4,82,19880,3408,6984,0.488,950,2589,0.367,2458,4395,0.559,1439,1844,0.78,795,2574,3369,2045,586,384,1094,1560,9205,CLE,2022.0
2021-22,44,38,3,24.7,82,19730,3255,6940,0.469,953,2686,0.355,2302,4254,0.541,1376,1810,0.76,837,2786,3623,2064,580,343,1181,1433,8839,CLE,2021.0
2020-21,22,50,4,24.0,72,17430,2778,6175,0.45,720,2141,0.336,2058,4034,0.51,1200,1614,0.743,751,2327,3078,1716,559,325,1114,1308,7476,CLE,2020.0
2019-20,19,46,5,25.0,65,15725,2619,5715,0.458,727,2070,0.351,1892,3645,0.519,983,1296,0.758,704,2172,2876,1500,447,211,1073,1188,6948,CLE,2019.0
2018-19,19,63,5,25.2,82,19755,3189,7184,0.444,847,2388,0.355,2342,4796,0.488,1342,1694,0.792,879,2619,3498,1698,534,195,1106,1642,8567,CLE,2018.0
2017-18,50,32,1,30.6,82,19730,3311,6950,0.476,981,2636,0.372,2330,4314,0.54,1488,1909,0.779,694,2761,3455,1916,582,312,1126,1524,9091,CLE,2017.0
2016-17,51,31,1,29.2,82,19880,3275,6963,0.47,1067,2779,0.384,2208,4184,0.528,1431,1913,0.748,766,2821,3587,1858,539,327,1121,1486,9048,CLE,2016.0
2015-16,57,25,1,28.1,82,19855,3171,6888,0.46,880,2428,0.362,2291,4460,0.514,1333,1783,0.748,873,2777,3650,1861,551,317,1114,1666,8555,CLE,2015.0
2014-15,53,29,1,26.9,82,19780,3089,6739,0.458,826,2253,0.367,2263,4486,0.504,1453,1934,0.751,911,2612,3523,1814,603,340,1171,1510,8457,CLE,2014.0
2013-14,33,49,3,24.9,82,19930,3036,6955,0.437,584,1640,0.356,2452,5315,0.461,1398,1861,0.751,989,2629,3618,1738,579,304,1163,1640,8054,CLE,2013.0
2012-13,24,58,5,24.1,82,19730,2993,6901,0.434,547,1581,0.346,2446,5320,0.46,1380,1826,0.756,1004,2359,3363,1694,647,334,1149,1737,7913,CLE,2012.0
2011-12,21,45,5,26.0,66,15965,2261,5360,0.422,440,1273,0.346,1821,4087,0.446,1178,1645,0.716,841,1949,2790,1308,466,262,1017,1317,6140,CLE,2011.0
2010-11,19,63,5,26.6,82,19755,2886,6647,0.434,509,1489,0.342,2377,5158,0.461,1546,2075,0.745,856,2449,3305,1720,544,341,1166,1648,7827,CLE,2010.0
2024-25,39,43,3,27.5,82,19730,3443,7194,0.479,1020,2801,0.364,2423,4393,0.552,1458,1894,0.77,828,2702,3530,2070,636,445,1151,1458,9364,DAL,2024.0
2023-24,50,32,1,26.5,82,19705,3535,7352,0.481,1197,3242,0.369,2338,4110,0.569,1397,1842,0.758,797,2724,3521,2106,563,406,1027,1500,9664,DAL,2023.0
2022-23,38,44,3,27.8,82,19930,3283,6909,0.475,1246,3362,0.371,2037,3547,0.574,1554,2057,0.755,625,2556,3181,1880,514,304,1002,1697,9366,DAL,2022.0
2021-22,52,30,2,26.7,82,19755,3222,6982,0.461,1073,3063,0.35,2149,3919,0.548,1341,1739,0.771,759,2769,3528,1918,552,325,1025,1612,8858,DAL,2021.0
2020-21,42,30,1,26.3,72,17305,2958,6287,0.47,994,2744,0.362,1964,3543,0.554,1186,1524,0.778,657,2463,3120,1647,450,311,869,1396,8096,DAL,2020.0
2019-20,43,32,2,26.1,75,18175,3124,6772,0.461,1136,3095,0.367,1988,3677,0.541,1392,1787,0.779,791,2729,3520,1849,460,363,953,1462,8776,DAL,2019.0
2018-19,33,49,5,26.9,82,19780,3182,7122,0.447,1022,3002,0.34,2160,4120,0.524,1541,2076,0.742,832,2884,3716,1918,533,351,1167,1650,8927,DAL,2018.0
2017-18,24,58,4,27.7,82,19805,3128,7042,0.444,967,2688,0.36,2161,4354,0.496,1167,1530,0.763,666,2717,3383,1858,578,310,1007,1578,8390,DAL,2017.0
2016-17,33,49,5,27.6,82,19780,2968,6750,0.44,878,2473,0.355,2090,4277,0.489,1215,1516,0.801,647,2516,3163,1705,614,307,972,1567,8029,DAL,2016.0
2015-16,42,40,2,30.3,82,20005,3064,6900,0.444,806,2342,0.344,2258,4558,0.495,1454,1831,0.794,751,2781,3532,1813,560,306,1047,1595,8388,DAL,2015.0
2014-15,50,32,4,29.9,82,19880,3255,7036,0.463,732,2082,0.352,2523,4954,0.509,1386,1843,0.752,858,2608,3466,1846,663,371,1062,1644,8628,DAL,2014.0
2013-14,49,33,4,30.6,82,19830,3249,6858,0.474,721,1877,0.384,2528,4981,0.508,1378,1733,0.795,840,2514,3354,1935,704,356,1110,1636,8597,DAL,2013.0
2012-13,41,41,4,29.5,82,19980,3182,6892,0.462,606,1628,0.372,2576,5264,0.489,1323,1669,0.793,767,2670,3437,1906,648,454,1144,1698,8293,DAL,2012.0
2011-12,36,30,3,31.3,66,16065,2398,5412,0.443,497,1464,0.339,1901,3948,0.482,1029,1334,0.771,665,2157,2822,1380,565,337,926,1226,6322,DAL,2011.0
2010-11,57,25,2,30.9,82,19705,3069,6463,0.475,645,1768,0.365,2424,4695,0.516,1437,1850,0.777,780,2618,3398,1954,557,352,1145,1575,8220,DAL,2010.0
2024-25,50,32,2,27.0,82,19855,3724,7360,0.506,984,2619,0.376,2740,4741,0.578,1470,1909,0.77,919,2832,3751,2542,656,402,1169,1444,9902,DEN,2024.0
2023-24,57,25,2,27.1,82,19705,3610,7279,0.496,958,2560,0.374,2652,4719,0.562,1240,1628,0.762,881,2763,3644,2415,585,457,1036,1489,9418,DEN,2023.0
2022-23,53,29,1,26.6,82,19755,3574,7088,0.504,969,2559,0.379,2605,4529,0.575,1378,1834,0.751,828,2699,3527,2368,618,368,1192,1525,9495,DEN,2022.0
2021-22,48,34,2,27.7,82,19805,3416,7079,0.483,1039,2944,0.353,2377,4135,0.575,1372,1725,0.795,752,2865,3617,2279,592,305,1189,1639,9243,DEN,2021.0
2020-21,47,25,2,26.1,72,17480,3114,6422,0.485,927,2462,0.377,2187,3960,0.552,1129,1406,0.803,758,2442,3200,1933,582,323,972,1374,8284,DEN,2020.0
2019-20,46,27,1,25.6,73,17745,3069,6488,0.473,801,2234,0.359,2268,4254,0.533,1185,1526,0.777,786,2436,3222,1952,586,337,1005,1485,8124,DEN,2019.0
2018-19,54,28,1,24.9,82,19730,3439,7384,0.466,903,2571,0.351,2536,4813,0.527,1294,1714,0.755,972,2832,3804,2245,634,363,1102,1644,9075,DEN,2018.0
2017-18,46,36,5,25.1,82,19880,3338,7102,0.47,940,2536,0.371,2398,4566,0.525,1404,1830,0.767,902,2748,3650,2059,627,404,1226,1533,9020,DEN,2017.0
2016-17,40,42,4,25.2,82,19755,3377,7194,0.469,870,2365,0.368,2507,4829,0.519,1537,1986,0.774,966,2837,3803,2077,568,323,1226,1567,9161,DEN,2016.0
2015-16,33,49,4,24.7,82,19830,3093,7003,0.442,656,1943,0.338,2437,5060,0.482,1513,1974,0.766,941,2718,3659,1858,609,395,1202,1723,8355,DEN,2015.0
2014-15,30,52,4,26.4,82,19880,3099,7158,0.433,660,2032,0.325,2439,5126,0.476,1462,1991,0.734,1012,2653,3665,1788,641,367,1166,1882,8320,DEN,2014.0
2013-14,36,46,4,26.0,82,19755,3147,7042,0.447,702,1959,0.358,2445,5083,0.481,1563,2154,0.726,1009,2717,3726,1838,615,459,1305,1890,8559,DEN,2013.0
2012-13,57,25,2,26.1,82,19905,3339,6983,0.478,521,1518,0.343,2818,5465,0.516,1505,2148,0.701,1092,2601,3693,2002,762,533,1253,1682,8704,DEN,2012.0
2011-12,38,28,2,26.6,66,16040,2572,5404,0.476,435,1311,0.332,2137,4093,0.522,1293,1760,0.735,738,2105,2843,1581,540,330,1015,1297,6872,DEN,2011.0
2010-11,50,32,2,27.3,82,19705,3145,6613,0.476,662,1704,0.388,2483,4909,0.506,1859,2429,0.765,791,2652,3443,1813,605,352,1157,1719,8811,DEN,2010.0
2024-25,44,38,4,25.8,82,19805,3503,7363,0.476,1051,2901,0.362,2452,4462,0.55,1414,1826,0.774,931,2739,3670,2165,652,431,1219,1695,9471,DET,2024.0
2023-24,14,68,5,23.8,82,19755,3353,7236,0.463,906,2602,0.348,2447,4634,0.528,1398,1780,0.785,861,2692,3553,2088,531,384,1248,1688,9010,DET,2023.0
2022-23,17,65,5,24.1,82,19805,3244,7140,0.454,934,2659,0.351,2310,4481,0.516,1623,2106,0.771,916,2564,3480,1884,574,308,1237,1813,9045,DET,2022.0
2021-22,23,59,5,23.6,82,19780,3129,7267,0.431,925,2838,0.326,2204,4429,0.498,1413,1806,0.782,900,2625,3525,1924,630,393,1163,1799,8596,DET,2021.0
2020-21,20,52,5,24.5,72,17430,2783,6162,0.452,832,2370,0.351,1951,3792,0.515,1278,1683,0.759,694,2381,3075,1743,531,371,1075,1477,7676,DET,2020.0
2019-20,20,46,4,25.9,66,15965,2595,5658,0.459,791,2157,0.367,1804,3501,0.515,1097,1476,0.743,644,2109,2753,1589,490,299,1008,1299,7078,DET,2019.0
2018-19,41,41,3,26.9,82,19855,3185,7238,0.44,993,2854,0.348,2192,4384,0.5,1415,1893,0.747,936,2752,3688,1845,569,331,1135,1811,8778,DET,2018.0
2017-18,39,43,4,25.9,82,19805,3208,7129,0.45,886,2373,0.373,2322,4756,0.488,1207,1621,0.745,830,2756,3586,1868,628,317,1102,1508,8509,DET,2017.0
2016-17,37,45,5,25.4,82,19805,3269,7282,0.449,631,1915,0.33,2638,5367,0.492,1140,1586,0.719,908,2838,3746,1732,574,310,973,1467,8309,DET,2016.0
2015-16,44,38,3,25.0,82,19880,3111,7087,0.439,740,2148,0.345,2371,4939,0.48,1399,2095,0.668,1021,2777,3798,1594,573,304,1110,1557,8361,DET,2015.0
2014-15,32,50,5,25.9,82,19830,3041,7038,0.432,703,2043,0.344,2338,4995,0.468,1292,1838,0.703,1051,2630,3681,1771,623,383,1099,1559,8077,DET,2014.0
2013-14,29,53,4,24.7,82,19780,3182,7124,0.447,507,1580,0.321,2675,5544,0.483,1415,2111,0.67,1196,2525,3721,1714,687,395,1193,1666,8286,DET,2013.0
2012-13,29,53,4,25.3,82,19805,2979,6638,0.449,513,1440,0.356,2466,5198,0.474,1307,1870,0.699,991,2463,3454,1742,574,400,1241,1623,7778,DET,2012.0
2011-12,25,41,4,26.3,66,15965,2291,5232,0.438,317,916,0.346,1974,4316,0.457,1098,1461,0.752,775,1882,2657,1232,460,278,1033,1293,5997,DET,2011.0
2010-11,30,52,4,27.2,82,19880,3056,6647,0.46,472,1256,0.376,2584,5391,0.479,1367,1854,0.737,931,2236,3167,1730,595,328,1067,1629,7951,DET,2010.0
2024-25,48,34,3,28.6,82,19730,3342,7412,0.451,1264,3475,0.364,2078,3937,0.528,1383,1811,0.764,1029,2692,3721,2386,771,391,1152,1571,9331,GSW,2024.0
2023-24,46,36,5,28.4,82,19830,3582,7515,0.477,1211,3191,0.38,2371,4324,0.548,1282,1644,0.78,996,2834,3830,2402,572,377,1174,1598,9657,GSW,2023.0
2022-23,44,38,4,27.3,82,19830,3538,7393,0.479,1363,3540,0.385,2175,3853,0.564,1314,1655,0.794,864,2793,3657,2446,588,323,1336,1757,9753,GSW,2022.0
2021-22,53,29,2,27.6,82,19730,3323,7087,0.469,1176,3231,0.364,2147,3856,0.557,1280,1665,0.769,800,2930,3730,2223,719,372,1221,1723,9102,GSW,2021.0
2020-21,39,33,4,26.7,72,17305,2973,6347,0.468,1048,2789,0.376,1925,3558,0.541,1193,1520,0.785,574,2524,3098,1991,587,342,1080,1526,8187,GSW,2020.0
2019-20,15,50,5,24.4,65,15725,2510,5730,0.438,678,2032,0.334,1832,3698,0.495,1214,1511,0.803,647,2138,2785,1663,534,299,969,1304,6912,GSW,2019.0
2018-19,57,25,1,28.4,82,19805,3612,7361,0.491,1087,2824,0.385,2525,4537,0.557,1339,1672,0.801,797,2990,3787,2413,625,525,1169,1757,9650,GSW,2018.0
2017-18,58,24,1,28.8,82,19730,3509,6980,0.503,926,2369,0.391,2583,4611,0.56,1360,1668,0.815,691,2877,3568,2402,656,612,1265,1607,9304,GSW,2017.0
2016-17,67,15,1,28.2,82,19780,3532,7140,0.495,982,2562,0.383,2550,4578,0.557,1457,1850,0.788,770,2873,3643,2491,785,555,1211,1585,9503,GSW,2016.0
2015-16,73,9,1,27.4,82,19880,3489,7159,0.487,1077,2592,0.416,2412,4567,0.528,1366,1790,0.763,816,2972,3788,2373,689,498,1245,1701,9421,GSW,2015.0
2014-15,67,15,1,26.6,82,19730,3410,7137,0.478,883,2217,0.398,2527,4920,0.514,1313,1709,0.768,853,2814,3667,2248,762,496,1185,1628,9016,GSW,2014.0
2013-14,51,31,2,26.3,82,19830,3236,7005,0.462,774,2037,0.38,2462,4968,0.496,1303,1731,0.753,896,2819,3715,1912,642,407,1247,1784,8549,GSW,2013.0
2012-13,47,35,2,25.3,82,19805,3130,6840,0.458,658,1632,0.403,2472,5208,0.475,1378,1744,0.79,885,2801,3686,1845,567,346,1236,1753,8296,GSW,2012.0
2011-12,23,43,4,25.3,66,15915,2489,5443,0.457,524,1351,0.388,1965,4092,0.48,951,1235,0.77,640,1947,2587,1470,528,362,915,1410,6453,GSW,2011.0
2010-11,36,46,3,25.2,82,19830,3251,7047,0.461,685,1749,0.392,2566,5298,0.484,1290,1695,0.761,955,2370,3325,1847,737,406,1198,1806,8477,GSW,2010.0
2024-25,52,30,1,24.9,82,19780,3484,7659,0.455,1038,2938,0.353,2446,4721,0.518,1366,1851,0.738,1200,2774,3974,1914,689,411,1139,1557,9372,HOU,2024.0
2023-24,41,41,3,25.1,82,19855,3425,7459,0.459,1043,2964,0.352,2382,4495,0.53,1482,1916,0.773,940,2787,3727,2035,639,375,1045,1702,9375,HOU,2023.0
2022-23,22,60,4,22.1,82,19755,3329,7287,0.457,856,2619,0.327,2473,4668,0.53,1567,2078,0.754,1100,2695,3795,1835,600,374,1332,1679,9081,HOU,2022.0
2021-22,20,62,5,24.1,82,19755,3229,7083,0.456,1105,3170,0.349,2124,3913,0.543,1434,2010,0.713,786,2660,3446,1932,600,382,1351,1692,8997,HOU,2021.0
2020-21,17,55,5,26.5,72,17305,2826,6372,0.444,992,2923,0.339,1834,3449,0.532,1189,1606,0.74,671,2396,3067,1699,546,361,1060,1407,7833,HOU,2020.0
2019-20,44,28,1,29.2,72,17380,2936,6512,0.451,1126,3261,0.345,1810,3251,0.557,1484,1876,0.791,704,2484,3188,1557,627,371,1057,1566,8482,HOU,2019.0
2018-19,53,29,1,29.2,82,19830,3218,7163,0.449,1323,3721,0.356,1895,3442,0.551,1582,2001,0.791,836,2613,3449,1741,700,405,1094,1803,9341,HOU,2018.0
2017-18,65,17,1,29.8,82,19755,3174,6906,0.46,1256,3470,0.362,1918,3436,0.558,1609,2061,0.781,739,2825,3564,1767,699,392,1135,1597,9213,HOU,2017.0
2016-17,55,27,2,27.4,82,19780,3305,7152,0.462,1181,3306,0.357,2124,3846,0.552,1667,2177,0.766,892,2746,3638,2070,670,352,1240,1634,9458,HOU,2016.0
2015-16,41,41,4,27.8,82,19830,3094,6847,0.452,878,2533,0.347,2216,4314,0.514,1671,2407,0.694,930,2601,3531,1821,821,430,1307,1790,8737,HOU,2015.0
2014-15,56,26,1,27.6,82,19805,3032,6832,0.444,933,2680,0.348,2099,4152,0.506,1525,2133,0.715,958,2624,3582,1820,777,407,1366,1803,8522,HOU,2014.0
2013-14,54,28,2,25.4,82,19830,3118,6603,0.472,779,2179,0.358,2339,4424,0.529,1814,2549,0.712,920,2797,3717,1755,621,461,1323,1676,8829,HOU,2013.0
2012-13,45,37,3,24.4,82,19780,3124,6782,0.461,867,2369,0.366,2257,4413,0.511,1573,2087,0.754,909,2652,3561,1902,679,359,1348,1662,8688,HOU,2012.0
2011-12,34,32,4,26.2,66,16065,2489,5543,0.449,478,1330,0.359,2011,4213,0.477,1018,1301,0.782,769,2014,2783,1404,496,319,955,1347,6474,HOU,2011.0
2010-11,43,39,5,26.5,82,19880,3170,6975,0.454,677,1843,0.367,2493,5132,0.486,1668,2083,0.801,962,2549,3511,1955,581,371,1110,1641,8685,HOU,2010.0
2024-25,50,32,2,25.8,82,19855,3574,7326,0.488,1081,2934,0.368,2493,4392,0.568,1395,1768,0.789,752,2678,3430,2398,694,448,1082,1533,9624,IND,2024.0
2023-24,47,35,3,25.3,82,19705,3855,7599,0.507,1082,2891,0.374,2773,4708,0.589,1318,1685,0.782,827,2578,3405,2522,631,481,1059,1756,10110,IND,2023.0
2022-23,35,47,4,24.5,82,19755,3444,7345,0.469,1112,3030,0.367,2332,4315,0.54,1535,1944,0.79,832,2575,3407,2213,631,478,1225,1741,9535,IND,2022.0
2021-22,25,57,4,26.0,82,19880,3398,7338,0.463,997,2899,0.344,2401,4439,0.541,1347,1754,0.768,925,2671,3596,2081,582,457,1183,1675,9140,IND,2021.0
2020-21,34,38,2,26.5,72,17455,3115,6567,0.474,889,2445,0.364,2226,4122,0.54,1183,1493,0.792,648,2424,3072,1973,611,460,975,1453,8302,IND,2020.0
2019-20,45,28,2,25.6,73,17620,3075,6457,0.476,743,2046,0.363,2332,4411,0.529,1096,1393,0.787,636,2489,3125,1888,543,376,967,1445,7989,IND,2019.0
2018-19,48,34,2,27.0,82,19705,3390,7135,0.475,779,2081,0.374,2611,5054,0.517,1298,1727,0.752,762,2766,3528,2128,713,404,1122,1594,8857,IND,2018.0
2017-18,48,34,2,26.2,82,19755,3345,7083,0.472,741,2010,0.369,2604,5073,0.513,1225,1573,0.779,788,2684,3472,1819,721,340,1088,1544,8656,IND,2017.0
2016-17,42,40,3,27.0,82,19855,3221,6931,0.465,709,1885,0.376,2512,5046,0.498,1467,1811,0.81,742,2702,3444,1844,669,409,1130,1597,8618,IND,2016.0
2015-16,45,37,2,26.9,82,19880,3142,6985,0.45,663,1889,0.351,2479,5096,0.486,1430,1872,0.764,847,2779,3626,1741,742,391,1219,1641,8377,IND,2015.0
2014-15,38,44,4,28.3,82,19855,2998,6824,0.439,612,1740,0.352,2386,5084,0.469,1373,1817,0.756,856,2822,3678,1757,505,375,1147,1742,7981,IND,2014.0
2013-14,56,26,1,27.2,82,19780,2949,6573,0.449,550,1542,0.357,2399,5031,0.477,1485,1907,0.779,834,2831,3665,1651,550,446,1237,1675,7933,IND,2013.0
2012-13,49,32,1,25.7,81,19590,2845,6525,0.436,555,1599,0.347,2290,4926,0.465,1429,1915,0.746,1043,2671,3714,1645,580,513,1227,1623,7674,IND,2012.0
2011-12,42,24,2,26.3,66,15990,2354,5375,0.438,392,1064,0.368,1962,4311,0.455,1349,1724,0.782,826,2070,2896,1228,523,357,925,1430,6449,IND,2011.0
2010-11,37,45,2,25.9,82,19780,3003,6787,0.442,585,1653,0.354,2418,5134,0.471,1592,2035,0.782,914,2657,3571,1611,584,456,1262,1782,8183,IND,2010.0
2024-25,50,32,2,29.7,82,19805,3409,7075,0.482,1022,2738,0.373,2387,4337,0.55,1416,1776,0.797,841,2750,3591,2064,773,370,1220,1503,9256,LAC,2024.0
2023-24,51,31,1,30.4,82,19705,3473,7108,0.489,1036,2719,0.381,2437,4389,0.555,1499,1817,0.825,822,2701,3523,2097,640,413,1078,1519,9481,LAC,2023.0
2022-23,44,38,3,29.7,82,19830,3370,7059,0.477,1041,2735,0.381,2329,4324,0.539,1533,1962,0.781,803,2742,3545,1959,580,364,1167,1598,9314,LAC,2022.0
2021-22,42,40,3,27.5,82,19780,3285,7170,0.458,1047,2802,0.374,2238,4368,0.512,1273,1606,0.793,747,2860,3607,1969,608,406,1126,1528,8890,LAC,2021.0
2020-21,47,25,2,28.8,72,17280,3009,6242,0.482,1027,2498,0.411,1982,3744,0.529,1164,1387,0.839,678,2501,3179,1756,509,295,950,1383,8209,LAC,2020.0
2019-20,49,23,2,27.4,72,17380,2992,6425,0.466,895,2410,0.371,2097,4015,0.522,1498,1894,0.791,767,2664,3431,1708,511,338,1051,1594,8377,LAC,2019.0
2018-19,48,34,2,27.2,82,19830,3384,7178,0.471,821,2118,0.388,2563,5060,0.507,1853,2340,0.792,796,2936,3732,1970,561,385,1193,1913,9442,LAC,2018.0
2017-18,42,40,2,27.0,82,19705,3302,7004,0.471,777,2196,0.354,2525,4808,0.525,1556,2095,0.743,832,2766,3598,1832,628,373,1204,1638,8937,LAC,2017.0
2016-17,51,31,2,30.0,82,19755,3242,6820,0.475,841,2245,0.375,2401,4575,0.525,1586,2128,0.745,738,2790,3528,1848,612,347,1062,1626,8911,LAC,2016.0
2015-16,53,29,2,29.7,82,19830,3141,6759,0.465,797,2190,0.364,2344,4569,0.513,1490,2152,0.692,721,2727,3448,1873,709,460,1063,1746,8569,LAC,2015.0
2014-15,56,26,2,28.8,82,19730,3228,6830,0.473,827,2202,0.376,2401,4628,0.519,1468,2067,0.71,784,2711,3495,2031,640,409,1012,1749,8751,LAC,2014.0
2013-14,57,25,1,28.1,82,19755,3208,6761,0.474,693,1966,0.352,2515,4795,0.525,1741,2384,0.73,858,2668,3526,2016,703,397,1136,1767,8850,LAC,2013.0
2012-13,56,26,1,28.8,82,19730,3160,6608,0.478,627,1752,0.358,2533,4856,0.522,1342,1888,0.711,938,2475,3413,1958,784,461,1197,1716,8289,LAC,2012.0
2011-12,40,26,2,27.3,66,15965,2439,5366,0.455,514,1441,0.357,1925,3925,0.49,1046,1538,0.68,800,1943,2743,1385,556,315,879,1399,6438,LAC,2011.0
2010-11,32,50,4,24.6,82,19855,3015,6594,0.457,513,1519,0.338,2502,5075,0.493,1546,2187,0.707,955,2501,3456,1813,585,402,1343,1733,8089,LAC,2010.0
2024-25,50,32,1,27.9,82,19730,3356,7007,0.479,1092,2981,0.366,2264,4026,0.562,1494,1902,0.785,792,2687,3479,2131,633,367,1145,1415,9298,LAL,2024.0
2023-24,47,35,3,28.0,82,19855,3580,7177,0.499,969,2572,0.377,2611,4605,0.567,1550,1983,0.782,676,2859,3535,2340,605,453,1146,1283,9679,LAL,2023.0
2022-23,43,39,5,27.9,82,19880,3516,7298,0.482,885,2558,0.346,2631,4740,0.555,1691,2182,0.775,818,2930,3748,2072,526,378,1154,1466,9608,LAL,2022.0
2021-22,33,49,4,30.2,82,19980,3415,7279,0.469,982,2826,0.347,2433,4453,0.546,1380,1884,0.732,782,2826,3608,1968,626,425,1191,1654,9192,LAL,2021.0
2020-21,42,30,3,28.2,72,17455,2925,6197,0.472,796,2248,0.354,2129,3949,0.539,1241,1679,0.739,695,2490,3185,1775,562,386,1095,1377,7887,LAL,2020.0
2019-20,52,19,1,29.5,71,17090,3006,6269,0.48,782,2242,0.349,2224,4027,0.552,1260,1728,0.729,757,2490,3247,1803,612,468,1077,1471,8054,LAL,2019.0
2018-19,37,45,4,26.2,82,19780,3491,7425,0.47,847,2541,0.333,2644,4884,0.541,1336,1910,0.699,835,2985,3820,2096,618,440,1284,1701,9165,LAL,2018.0
2017-18,35,47,3,23.7,82,19905,3338,7248,0.461,822,2384,0.345,2516,4864,0.517,1364,1910,0.714,876,2927,3803,1949,633,388,1295,1736,8862,LAL,2017.0
2016-17,26,56,4,25.1,82,19705,3224,7164,0.45,730,2110,0.346,2494,5054,0.493,1397,1853,0.754,933,2636,3569,1716,674,320,1243,1698,8575,LAL,2016.0
2015-16,17,65,5,26.5,82,19730,2880,6956,0.414,639,2016,0.317,2241,4940,0.454,1583,2028,0.781,878,2645,3523,1478,593,337,1124,1662,7982,LAL,2015.0
2014-15,21,61,5,27.0,82,19930,3054,7020,0.435,532,1546,0.344,2522,5474,0.461,1433,1935,0.741,952,2647,3599,1715,578,366,1086,1741,8073,LAL,2014.0
2013-14,27,55,5,26.8,82,19705,3139,6980,0.45,774,2032,0.381,2365,4948,0.478,1390,1835,0.757,745,2620,3365,2006,611,446,1239,1627,8442,LAL,2013.0
2012-13,45,37,3,30.7,82,19755,3041,6640,0.458,715,2015,0.355,2326,4625,0.503,1584,2289,0.692,942,2732,3674,1818,576,429,1232,1467,8381,LAL,2012.0
2011-12,41,25,1,29.7,66,16065,2429,5319,0.457,362,1112,0.326,2067,4207,0.491,1202,1589,0.756,799,2251,3050,1485,390,351,997,1109,6422,LAL,2011.0
2010-11,57,25,1,30.2,82,19830,3128,6757,0.463,524,1487,0.352,2604,5270,0.494,1541,1979,0.779,989,2616,3605,1801,602,422,1073,1555,8321,LAL,2010.0
2024-25,48,34,2,24.7,82,19705,3670,7654,0.479,1141,3106,0.367,2529,4548,0.556,1499,1908,0.786,1056,2819,3875,2330,726,462,1285,1711,9980,MEM,2024.0
2023-24,27,55,4,24.4,82,19780,3145,7230,0.435,1071,3097,0.346,2074,4133,0.502,1316,1722,0.764,896,2598,3494,2025,673,501,1236,1563,8677,MEM,2023.0
2022-23,51,31,1,24.4,82,19780,3585,7551,0.475,985,2807,0.351,2600,4744,0.548,1432,1954,0.733,988,2835,3823,2135,680,473,1116,1643,9587,MEM,2022.0
2021-22,56,26,1,24.0,82,19780,3571,7739,0.461,945,2679,0.353,2626,5060,0.519,1393,1898,0.734,1159,2873,4032,2131,800,533,1082,1620,9480,MEM,2021.0
2020-21,38,34,2,24.2,72,17405,3085,6608,0.467,803,2258,0.356,2282,4350,0.525,1184,1536,0.771,803,2543,3346,1938,655,364,957,1349,8157,MEM,2020.0
2019-20,34,39,3,24.1,73,17570,3106,6634,0.468,798,2297,0.347,2308,4337,0.532,1212,1589,0.763,754,2643,3397,1965,576,398,1113,1546,8222,MEM,2019.0
2018-19,33,49,3,27.7,82,19880,3113,6924,0.45,811,2368,0.342,2302,4556,0.505,1453,1882,0.772,723,2703,3426,1963,684,448,1147,1801,8490,MEM,2018.0
2017-18,22,60,5,26.0,82,19705,3013,6788,0.444,758,2152,0.352,2255,4636,0.486,1361,1732,0.786,779,2544,3323,1767,613,396,1227,1900,8145,MEM,2017.0
2016-17,43,39,3,29.5,82,19905,2984,6854,0.435,767,2169,0.354,2217,4685,0.473,1504,1918,0.784,886,2621,3507,1744,653,344,1059,1840,8239,MEM,2016.0
2015-16,42,40,3,30.5,82,19830,3019,6859,0.44,504,1521,0.331,2515,5338,0.471,1584,2024,0.783,916,2497,3413,1697,724,350,1090,1783,8126,MEM,2015.0
2014-15,55,27,2,29.6,82,19905,3097,6763,0.458,423,1246,0.339,2674,5517,0.485,1445,1869,0.773,856,2634,3490,1777,700,347,1094,1567,8062,MEM,2014.0
2013-14,50,32,3,28.5,82,19805,3122,6723,0.464,405,1147,0.353,2717,5576,0.487,1235,1666,0.741,950,2526,3476,1792,631,375,1124,1568,7884,MEM,2013.0
2012-13,56,26,2,27.0,82,19805,2964,6679,0.444,382,1107,0.345,2582,5572,0.463,1349,1746,0.773,1059,2445,3504,1715,703,436,1144,1660,7659,MEM,2012.0
2011-12,41,25,2,25.6,66,15940,2425,5422,0.447,277,849,0.326,2148,4573,0.47,1142,1504,0.759,831,1944,2775,1290,631,345,955,1316,6269,MEM,2011.0
2010-11,46,36,4,25.2,82,19880,3200,6801,0.471,309,926,0.334,2891,5875,0.492,1486,1981,0.75,970,2391,3361,1691,771,441,1145,1705,8195,MEM,2010.0
2024-25,37,45,3,26.8,82,19930,3318,7138,0.465,1124,3060,0.367,2194,4078,0.538,1309,1654,0.791,798,2760,3558,2166,668,314,1114,1275,9069,MIA,2024.0
2023-24,46,36,2,28.0,82,19755,3266,7022,0.465,1022,2765,0.37,2244,4257,0.527,1478,1806,0.818,766,2702,3468,2116,617,280,1038,1415,9032,MIA,2023.0
2022-23,44,38,1,27.7,82,19805,3215,6991,0.46,980,2852,0.344,2235,4139,0.54,1567,1885,0.831,796,2533,3329,1955,655,243,1106,1516,8977,MIA,2022.0
2021-22,53,29,1,28.2,82,19855,3246,6954,0.467,1114,2936,0.379,2132,4018,0.531,1416,1753,0.808,807,2778,3585,2090,606,265,1194,1679,9022,MIA,2021.0
2020-21,40,32,2,27.4,72,17380,2824,6029,0.468,932,2606,0.358,1892,3423,0.553,1201,1520,0.79,579,2409,2988,1895,569,286,1013,1363,7781,MIA,2020.0
2019-20,44,29,1,25.9,73,17745,2880,6160,0.468,979,2584,0.379,1901,3576,0.532,1440,1840,0.783,620,2619,3239,1892,547,332,1088,1501,8179,MIA,2019.0
2018-19,39,43,3,27.0,82,19730,3251,7218,0.45,928,2658,0.349,2323,4560,0.509,1238,1782,0.695,921,2879,3800,1991,627,448,1208,1712,8668,MIA,2018.0
2017-18,44,38,1,26.5,82,19930,3184,6997,0.455,903,2506,0.36,2281,4491,0.508,1209,1601,0.755,763,2801,3564,1862,620,437,1178,1648,8480,MIA,2017.0
2016-17,41,41,3,26.5,82,19780,3202,7037,0.455,808,2213,0.365,2394,4824,0.496,1248,1768,0.706,872,2705,3577,1742,588,469,1102,1680,8460,MIA,2016.0
2015-16,48,34,1,28.4,82,19830,3150,6697,0.47,498,1480,0.336,2652,5217,0.508,1406,1889,0.744,807,2811,3618,1709,553,531,1155,1502,8204,MIA,2015.0
2014-15,37,45,3,28.5,82,19730,2885,6330,0.456,556,1659,0.335,2329,4671,0.499,1438,1940,0.741,747,2461,3208,1626,642,372,1214,1636,7764,MIA,2014.0
2013-14,54,28,1,30.6,82,19880,3142,6272,0.501,665,1829,0.364,2477,4443,0.558,1431,1884,0.76,627,2397,3024,1847,732,367,1212,1596,8380,MIA,2013.0
2012-13,66,16,1,30.3,82,19880,3148,6348,0.496,717,1809,0.396,2431,4539,0.536,1423,1887,0.754,676,2490,3166,1890,710,441,1143,1533,8436,MIA,2012.0
2011-12,46,20,1,28.3,66,16040,2446,5212,0.469,370,1030,0.359,2076,4182,0.496,1238,1598,0.775,686,2060,2746,1317,585,355,1002,1282,6500,MIA,2011.0
2010-11,58,24,1,29.0,82,19780,3031,6301,0.481,547,1479,0.37,2484,4822,0.515,1760,2288,0.769,790,2666,3456,1639,544,430,1142,1674,8369,MIA,2010.0
2024-25,48,34,3,29.3,82,19755,3445,7082,0.486,1161,3003,0.387,2284,4079,0.56,1421,1895,0.75,674,2882,3556,2090,601,384,1097,1469,9472,MIL,2024.0
2023-24,49,33,1,30.2,82,19805,3538,7258,0.487,1163,3122,0.373,2375,4136,0.574,1517,1960,0.774,772,2850,3622,2176,558,413,1059,1574,9756,MIL,2023.0
2022-23,58,24,1,29.8,82,19830,3504,7411,0.473,1217,3306,0.368,2287,4105,0.557,1364,1837,0.743,914,3074,3988,2115,521,403,1199,1481,9589,MIL,2022.0
2021-22,51,31,1,28.5,82,19755,3429,7331,0.468,1153,3151,0.366,2276,4180,0.544,1459,1881,0.776,840,2990,3830,1960,623,326,1100,1494,9470,MIL,2021.0
2020-21,46,26,1,28.1,72,17330,3221,6610,0.487,1038,2669,0.389,2183,3941,0.554,1169,1539,0.76,741,2724,3465,1834,585,334,995,1244,8649,MIL,2020.0
2019-20,56,17,1,29.2,73,17595,3160,6638,0.476,1007,2840,0.355,2153,3798,0.567,1336,1800,0.742,691,3083,3774,1889,526,429,1102,1431,8663,MIL,2019.0
2018-19,60,22,1,26.9,82,19780,3555,7471,0.476,1105,3134,0.353,2450,4337,0.565,1471,1904,0.773,762,3316,4078,2136,615,486,1137,1608,9686,MIL,2018.0
2017-18,44,38,3,25.9,82,19830,3257,6807,0.478,718,2024,0.355,2539,4783,0.531,1499,1915,0.783,688,2579,3267,1905,722,443,1135,1752,8731,MIL,2017.0
2016-17,42,40,2,25.6,82,19780,3182,6715,0.474,720,1946,0.37,2462,4769,0.516,1413,1839,0.768,723,2589,3312,1984,666,436,1145,1660,8497,MIL,2016.0
2015-16,33,49,5,23.5,82,19830,3145,6740,0.467,440,1277,0.345,2705,5463,0.495,1392,1863,0.747,858,2559,3417,1895,672,475,1247,1695,8122,MIL,2015.0
2014-15,41,41,3,24.6,82,19930,3083,6722,0.459,545,1500,0.363,2538,5222,0.486,1312,1734,0.757,876,2574,3450,1932,789,403,1373,1814,8023,MIL,2014.0
2013-14,15,67,5,24.7,82,19880,2952,6737,0.438,548,1553,0.353,2404,5184,0.464,1377,1843,0.747,971,2399,3370,1760,541,403,1238,1713,7829,MIL,2013.0
2012-13,38,44,3,26.4,82,19830,3128,7197,0.435,601,1670,0.36,2527,5527,0.457,1251,1700,0.736,1068,2537,3605,1876,685,550,1156,1554,8108,MIL,2012.0
2011-12,31,35,3,26.2,66,15865,2502,5652,0.443,436,1265,0.345,2066,4387,0.471,1095,1415,0.774,820,1983,2803,1550,548,335,929,1273,6535,MIL,2011.0
2010-11,35,47,3,26.7,82,19830,2814,6544,0.43,483,1414,0.342,2331,5130,0.454,1423,1881,0.757,862,2480,3342,1545,617,399,1103,1682,7534,MIL,2010.0
2024-25,49,33,3,27.2,82,19830,3364,7182,0.468,1233,3269,0.377,2131,3913,0.545,1411,1789,0.789,908,2726,3634,2142,654,406,1186,1498,9372,MIN,2024.0
2023-24,56,26,3,27.2,82,19805,3383,6974,0.485,1037,2681,0.387,2346,4293,0.546,1461,1881,0.777,770,2807,3577,2184,647,497,1162,1544,9264,MIN,2023.0
2022-23,42,40,2,25.8,82,19830,3515,7167,0.49,997,2731,0.365,2518,4436,0.568,1467,1942,0.755,749,2686,3435,2145,657,444,1258,1768,9494,MIN,2022.0
2021-22,46,36,3,24.2,82,19780,3411,7458,0.457,1211,3386,0.358,2200,4072,0.54,1474,1894,0.778,921,2700,3621,2106,721,460,1175,1786,9507,MIN,2021.0
2020-21,23,49,4,23.2,72,17405,2932,6546,0.448,944,2706,0.349,1988,3840,0.518,1265,1662,0.761,757,2376,3133,1846,632,398,1027,1507,8073,MIN,2020.0
2019-20,19,45,5,24.8,64,15560,2586,5865,0.441,853,2540,0.336,1733,3325,0.521,1223,1624,0.753,675,2193,2868,1525,555,362,981,1370,7248,MIN,2019.0
2018-19,36,46,5,26.2,82,19830,3413,7483,0.456,827,2357,0.351,2586,5126,0.504,1570,1995,0.787,923,2750,3673,2018,683,411,1074,1664,9223,MIN,2018.0
2017-18,47,35,4,27.1,82,19805,3365,7063,0.476,658,1845,0.357,2707,5218,0.519,1592,1980,0.804,848,2593,3441,1861,689,345,1021,1495,8980,MIN,2017.0
2016-17,31,51,5,24.0,82,19805,3235,6922,0.467,601,1723,0.349,2634,5199,0.507,1586,1986,0.799,938,2540,3478,1940,654,370,1150,1646,8657,MIN,2016.0
2015-16,29,53,5,24.6,82,19880,3095,6668,0.464,455,1347,0.338,2640,5321,0.496,1753,2213,0.792,821,2587,3408,1916,656,375,1231,1696,8398,MIN,2015.0
2014-15,16,66,5,24.4,82,19805,2986,6820,0.438,406,1223,0.332,2580,5597,0.461,1638,2110,0.776,949,2406,3355,1771,668,327,1231,1571,8016,MIN,2014.0
2013-14,40,42,3,26.3,82,19855,3189,7175,0.444,600,1757,0.341,2589,5418,0.478,1790,2301,0.778,1024,2644,3668,1963,718,297,1142,1504,8768,MIN,2013.0
2012-13,31,51,5,26.4,82,19730,2943,6702,0.439,450,1475,0.305,2493,5227,0.477,1515,2042,0.742,973,2473,3446,1836,700,387,1214,1509,7851,MIN,2012.0
2011-12,26,40,5,24.4,66,15940,2355,5434,0.433,473,1423,0.332,1882,4011,0.469,1281,1662,0.771,797,2089,2886,1290,436,293,1001,1212,6464,MIN,2011.0
2010-11,17,65,5,23.8,82,19780,3090,7014,0.441,589,1565,0.376,2501,5449,0.459,1519,1977,0.768,1085,2556,3641,1650,592,422,1398,1825,8288,MIN,2010.0
2024-25,21,61,5,25.9,82,19755,3332,7368,0.452,986,2839,0.347,2346,4529,0.518,1356,1799,0.754,993,2583,3576,2119,701,429,1201,1499,9006,NOP,2024.0
2023-24,49,33,2,26.0,82,19705,3484,7165,0.486,1023,2673,0.383,2461,4492,0.548,1445,1873,0.771,852,2753,3605,2210,684,378,1067,1508,9436,NOP,2023.0
2022-23,42,40,2,25.9,82,19855,3447,7180,0.48,899,2468,0.364,2548,4712,0.541,1585,2000,0.793,866,2717,3583,2122,681,337,1196,1678,9378,NOP,2022.0
2021-22,36,46,3,25.6,82,19755,3294,7212,0.457,873,2629,0.332,2421,4583,0.528,1501,1903,0.789,981,2726,3707,2047,680,328,1153,1612,8962,NOP,2021.0
2020-21,31,41,4,24.8,72,17430,3060,6412,0.477,762,2190,0.348,2298,4222,0.544,1369,1878,0.729,845,2568,3413,1872,545,315,1052,1295,8251,NOP,2020.0
2019-20,30,42,5,25.4,72,17430,3065,6598,0.465,982,2656,0.37,2083,3942,0.528,1229,1687,0.729,797,2551,3348,1932,539,358,1181,1524,8341,NOP,2019.0
2018-19,33,49,4,25.7,82,19755,3581,7563,0.473,842,2449,0.344,2739,5114,0.536,1462,1921,0.761,909,2969,3878,2216,610,441,1215,1732,9466,NOP,2018.0
2017-18,48,34,2,27.6,82,19955,3500,7241,0.483,837,2312,0.362,2663,4929,0.54,1324,1716,0.772,712,2924,3636,2195,657,485,1223,1570,9161,NOP,2017.0
2016-17,34,48,4,25.7,82,19905,3210,7130,0.45,768,2196,0.35,2442,4934,0.495,1368,1825,0.75,703,2879,3582,1869,638,453,1054,1490,8556,NOP,2016.0
2015-16,30,52,5,26.6,82,19780,3153,7040,0.448,702,1951,0.36,2451,5089,0.482,1415,1823,0.776,782,2712,3494,1818,633,342,1102,1713,8423,NOP,2015.0
2014-15,45,37,5,25.3,82,19780,3108,6795,0.457,586,1583,0.37,2522,5212,0.484,1345,1790,0.751,942,2621,3563,1806,553,510,1087,1530,8147,NOP,2014.0
2013-14,34,48,5,24.3,82,19855,3101,6761,0.459,486,1303,0.373,2615,5458,0.479,1489,1936,0.769,933,2486,3419,1745,647,523,1129,1857,8177,NOP,2013.0
2012-13,27,55,5,24.0,82,19780,2955,6589,0.448,535,1474,0.363,2420,5115,0.473,1269,1636,0.776,988,2426,3414,1721,520,440,1193,1673,7714,NOP,2012.0
2011-12,21,45,5,25.5,66,15940,2300,5103,0.451,259,777,0.333,2041,4326,0.472,1057,1397,0.757,724,1991,2715,1368,488,316,1024,1324,5916,NOP,2011.0
2010-11,46,36,3,26.3,82,19830,2944,6416,0.459,444,1232,0.36,2500,5184,0.482,1452,1897,0.765,824,2468,3292,1691,624,359,1069,1719,7784,NOP,2010.0
2024-25,51,31,2,27.5,82,19880,3553,7315,0.486,1031,2794,0.369,2522,4521,0.558,1357,1696,0.8,890,2607,3497,2254,671,324,1088,1407,9494,NYK,2024.0
2023-24,50,32,2,26.4,82,19730,3385,7272,0.465,1083,2936,0.369,2302,4336,0.531,1396,1789,0.78,1039,2665,3704,1998,612,336,1085,1447,9249,NYK,2023.0
2022-23,47,35,3,24.5,82,19955,3444,7328,0.47,1037,2930,0.354,2407,4398,0.547,1589,2087,0.761,1031,2790,3821,1880,527,340,1065,1666,9514,NYK,2022.0
2021-22,37,45,5,26.0,82,19780,3088,7069,0.437,1082,3029,0.357,2006,4040,0.497,1473,1980,0.744,941,2841,3782,1793,570,399,1087,1672,8731,NYK,2021.0
2020-21,41,31,3,25.6,72,17430,2839,6225,0.456,847,2163,0.392,1992,4062,0.49,1181,1506,0.784,696,2554,3250,1541,507,365,932,1473,7706,NYK,2020.0
2019-20,21,45,5,24.5,66,15965,2638,5896,0.447,631,1872,0.337,2007,4024,0.499,1076,1550,0.694,795,2274,3069,1456,504,313,946,1464,6983,NYK,2019.0
2018-19,17,65,5,23.4,82,19780,3134,7241,0.433,823,2421,0.34,2311,4820,0.479,1484,1956,0.759,857,2811,3668,1646,557,422,1151,1713,8575,NYK,2018.0
2017-18,29,53,4,26.3,82,19830,3334,7193,0.464,673,1914,0.352,2661,5279,0.504,1225,1557,0.787,859,2752,3611,1912,552,421,1208,1682,8566,NYK,2017.0
2016-17,31,51,3,27.3,82,19855,3244,7256,0.447,704,2022,0.348,2540,5234,0.485,1364,1731,0.788,983,2723,3706,1786,581,455,1139,1668,8556,NYK,2016.0
2015-16,32,50,3,27.2,82,19805,3022,6886,0.439,610,1762,0.346,2412,5124,0.471,1411,1753,0.805,850,2788,3638,1682,467,466,1099,1616,8065,NYK,2015.0
2014-15,17,65,5,26.9,82,19855,2882,6726,0.428,560,1614,0.347,2322,5112,0.454,1211,1575,0.769,867,2443,3310,1746,575,382,1206,1768,7535,NYK,2014.0
2013-14,37,45,3,28.3,82,19855,3027,6739,0.449,759,2038,0.372,2268,4701,0.482,1271,1670,0.761,870,2437,3307,1641,631,367,1063,1815,8084,NYK,2013.0
2012-13,54,28,1,30.2,82,19730,2996,6689,0.448,891,2371,0.376,2105,4318,0.487,1313,1729,0.759,890,2436,3326,1579,672,294,988,1650,8196,NYK,2012.0
2011-12,36,30,2,26.3,66,15940,2365,5335,0.443,517,1538,0.336,1848,3797,0.487,1211,1634,0.741,743,2012,2755,1328,622,276,1056,1391,6458,NYK,2011.0
2010-11,42,40,2,25.3,82,19780,3140,6867,0.457,765,2081,0.368,2375,4786,0.496,1689,2087,0.809,847,2470,3317,1757,625,475,1123,1743,8734,NYK,2010.0
2024-25,68,14,1,24.8,82,19705,3660,7600,0.482,1192,3184,0.374,2468,4416,0.559,1369,1672,0.819,871,2801,3672,2202,847,465,961,1631,9881,OKC,2024.0
2023-24,57,25,1,23.4,82,19805,3653,7324,0.499,1090,2805,0.389,2563,4519,0.567,1451,1759,0.825,722,2725,3447,2223,694,538,1039,1545,9847,OKC,2023.0
2022-23,40,42,3,22.8,82,19855,3533,7590,0.465,995,2797,0.356,2538,4793,0.53,1572,1944,0.809,934,2645,3579,2002,676,341,1069,1722,9633,OKC,2022.0
2021-22,24,58,5,22.4,82,19805,3141,7310,0.43,991,3066,0.323,2150,4244,0.507,1233,1632,0.756,854,2887,3741,1822,622,380,1145,1497,8506,OKC,2021.0
2020-21,22,50,5,22.8,72,17355,2795,6338,0.441,857,2529,0.339,1938,3809,0.509,1113,1536,0.725,715,2568,3283,1588,504,316,1162,1305,7560,OKC,2020.0
2019-20,44,28,2,25.5,72,17430,2879,6156,0.468,770,2171,0.355,2109,3985,0.529,1422,1787,0.796,593,2495,3088,1562,550,353,986,1390,7950,OKC,2019.0
2018-19,49,33,4,25.7,82,19855,3497,7706,0.454,932,2677,0.348,2565,5029,0.51,1461,2049,0.713,1031,2911,3942,1917,766,425,1145,1839,9387,OKC,2018.0
2017-18,48,34,2,27.3,82,19830,3271,7221,0.453,881,2491,0.354,2390,4730,0.505,1421,1985,0.716,1024,2671,3695,1750,743,412,1147,1653,8844,OKC,2017.0
2016-17,47,35,2,24.7,82,19805,3237,7169,0.452,692,2116,0.327,2545,5053,0.504,1575,2113,0.745,1002,2821,3823,1721,648,408,1230,1715,8741,OKC,2016.0
2015-16,55,27,1,25.8,82,19830,3372,7082,0.476,678,1945,0.349,2694,5137,0.524,1616,2067,0.782,1071,2916,3987,1883,603,487,1305,1691,9038,OKC,2015.0
2014-15,45,37,2,25.4,82,19830,3184,7119,0.447,632,1864,0.339,2552,5255,0.486,1524,2020,0.754,1052,2844,3896,1681,598,454,1205,1829,8524,OKC,2014.0
2013-14,59,23,1,26.2,82,19805,3194,6782,0.471,664,1839,0.361,2530,4943,0.512,1653,2052,0.806,887,2781,3668,1794,678,501,1256,1858,8705,OKC,2013.0
2012-13,60,22,1,26.0,82,19830,3126,6504,0.481,598,1588,0.377,2528,4916,0.514,1819,2196,0.828,854,2725,3579,1753,679,624,1253,1654,8669,OKC,2012.0
2011-12,47,19,1,25.1,66,15990,2462,5229,0.471,472,1317,0.358,1990,3912,0.509,1406,1744,0.806,726,2157,2883,1224,498,539,1079,1352,6802,OKC,2011.0
2010-11,55,27,1,23.7,82,20005,3066,6609,0.464,487,1403,0.347,2579,5206,0.495,1977,2401,0.823,903,2604,3507,1672,654,487,1156,1836,8596,OKC,2010.0
2024-25,41,41,1,24.9,82,19730,3130,7034,0.445,921,2892,0.318,2209,4142,0.533,1464,1890,0.775,914,2517,3431,1887,729,488,1165,1648,8645,ORL,2024.0
2023-24,47,35,1,24.0,82,19780,3318,6964,0.476,903,2568,0.352,2415,4396,0.549,1519,2002,0.759,861,2608,3469,2023,669,423,1206,1618,9058,ORL,2023.0
2022-23,34,48,4,23.1,82,19780,3323,7074,0.47,883,2551,0.346,2440,4523,0.539,1607,2050,0.784,833,2713,3546,1906,603,382,1236,1652,9136,ORL,2022.0
2021-22,22,60,5,23.3,82,19780,3139,7240,0.434,999,3022,0.331,2140,4218,0.507,1270,1614,0.787,746,2885,3631,1947,555,367,1188,1612,8547,ORL,2021.0
2020-21,21,51,5,25.6,72,17330,2754,6423,0.429,784,2288,0.343,1970,4135,0.476,1196,1543,0.775,747,2525,3272,1571,496,318,924,1237,7488,ORL,2020.0
2019-20,33,40,2,26.1,73,17570,2871,6468,0.444,807,2354,0.343,2064,4114,0.502,1282,1656,0.774,751,2498,3249,1747,599,396,937,1336,7831,ORL,2019.0
2018-19,42,40,1,25.7,82,19780,3316,7307,0.454,937,2633,0.356,2379,4674,0.509,1231,1575,0.782,822,2902,3724,2095,543,445,1082,1526,8800,ORL,2018.0
2017-18,25,57,4,25.6,82,19730,3182,7042,0.452,844,2405,0.351,2338,4637,0.504,1271,1678,0.757,722,2692,3414,1921,622,400,1192,1579,8479,ORL,2017.0
2016-17,29,53,5,25.3,82,19805,3139,7133,0.44,701,2139,0.328,2438,4994,0.488,1309,1753,0.747,807,2734,3541,1820,580,396,1091,1584,8288,ORL,2016.0
2015-16,35,47,5,23.9,82,19905,3242,7120,0.455,636,1818,0.35,2606,5302,0.492,1249,1649,0.757,843,2709,3552,1933,673,417,1155,1701,8369,ORL,2015.0
2014-15,25,57,5,24.3,82,19755,3076,6792,0.453,554,1598,0.347,2522,5194,0.486,1141,1565,0.729,822,2607,3429,1692,647,314,1221,1714,7847,ORL,2014.0
2013-14,23,59,5,24.6,82,19955,3022,6784,0.445,563,1596,0.353,2459,5188,0.474,1307,1714,0.763,794,2654,3448,1726,630,350,1222,1678,7914,ORL,2013.0
2012-13,20,62,5,24.6,82,19780,3093,6904,0.448,506,1537,0.329,2587,5367,0.482,1026,1359,0.755,890,2612,3502,1871,528,358,1191,1591,7718,ORL,2012.0
2011-12,37,29,3,27.5,66,15965,2275,5162,0.441,670,1785,0.375,1605,3377,0.475,995,1508,0.66,742,2060,2802,1321,451,275,984,1168,6215,ORL,2011.0
2010-11,52,30,2,27.6,82,19830,2956,6411,0.461,770,2103,0.366,2186,4308,0.507,1453,2101,0.692,864,2679,3543,1636,548,384,1224,1640,8135,ORL,2010.0
2024-25,24,58,5,27.1,82,19805,3254,7168,0.454,1041,3050,0.341,2213,4118,0.537,1439,1844,0.78,852,2411,3263,1901,752,366,1117,1556,8988,PHI,2024.0
2023-24,47,35,3,28.4,82,19780,3404,7331,0.464,992,2733,0.363,2412,4598,0.525,1597,1934,0.826,906,2616,3522,2041,694,492,984,1668,9397,PHI,2023.0
2022-23,54,28,2,28.2,82,19880,3347,6870,0.487,1035,2675,0.387,2312,4195,0.551,1719,2058,0.835,715,2641,3356,2063,635,389,1121,1675,9448,PHI,2022.0
2021-22,51,31,2,26.8,82,19805,3230,6932,0.466,950,2608,0.364,2280,4324,0.527,1605,1955,0.821,700,2770,3470,1945,633,435,1027,1590,9015,PHI,2021.0
2020-21,49,23,1,27.1,72,17430,2981,6257,0.476,811,2169,0.374,2170,4088,0.531,1409,1836,0.767,722,2522,3244,1706,655,447,1040,1456,8182,PHI,2020.0
2019-20,43,30,3,26.3,73,17595,3000,6417,0.468,848,2307,0.368,2152,4110,0.524,1236,1638,0.755,764,2553,3317,1884,586,389,1037,1529,8084,PHI,2019.0
2018-19,51,31,2,26.4,82,19805,3407,7233,0.471,889,2474,0.359,2518,4759,0.529,1742,2258,0.771,892,3025,3917,2207,606,432,1223,1745,9445,PHI,2018.0
2017-18,52,30,3,25.8,82,19780,3349,7098,0.472,901,2445,0.369,2448,4653,0.526,1405,1868,0.752,893,2996,3889,2221,682,420,1353,1811,9004,PHI,2017.0
2016-17,28,54,4,24.6,82,19830,3088,6992,0.442,831,2443,0.34,2257,4549,0.496,1393,1806,0.771,807,2706,3513,1949,692,420,1366,1793,8400,PHI,2016.0
2015-16,10,72,5,23.3,82,19805,2970,6887,0.431,764,2255,0.339,2206,4632,0.476,1284,1850,0.694,777,2605,3382,1765,680,495,1343,1780,7988,PHI,2015.0
2014-15,18,64,4,23.2,82,19805,2765,6777,0.408,692,2160,0.32,2073,4617,0.449,1320,1953,0.676,978,2536,3514,1683,789,487,1453,1778,7542,PHI,2014.0
2013-14,19,63,5,23.4,82,19855,3108,7150,0.435,577,1847,0.312,2531,5303,0.477,1362,1918,0.71,949,2556,3505,1791,765,330,1384,1844,8155,PHI,2013.0
2012-13,34,48,4,25.2,82,19755,3059,6895,0.444,518,1438,0.36,2541,5457,0.466,1004,1377,0.729,896,2493,3389,1867,609,384,1070,1505,7640,PHI,2012.0
2011-12,35,31,3,24.9,66,15915,2471,5516,0.448,349,963,0.362,2122,4553,0.466,889,1198,0.742,704,2144,2848,1453,526,340,738,1157,6180,PHI,2011.0
2010-11,41,41,3,24.7,82,19930,3125,6776,0.461,443,1248,0.355,2682,5528,0.485,1426,1851,0.77,850,2578,3428,1861,621,355,1063,1592,8119,PHI,2010.0
2024-25,36,46,5,29.1,82,19830,3381,7075,0.478,1176,3112,0.378,2205,3963,0.556,1379,1702,0.81,783,2701,3484,2277,593,392,1153,1471,9317,PHX,2024.0
2023-24,49,33,2,29.3,82,19780,3482,7063,0.493,1020,2671,0.382,2462,4392,0.561,1548,1915,0.808,831,2783,3614,2218,610,492,1221,1475,9532,PHX,2023.0
2022-23,45,37,2,28.1,82,19780,3453,7388,0.467,1001,2674,0.374,2452,4714,0.52,1412,1781,0.793,971,2657,3628,2235,585,432,1110,1739,9319,PHX,2022.0
2021-22,64,18,1,27.5,82,19730,3581,7389,0.485,951,2616,0.364,2630,4773,0.551,1303,1635,0.797,801,2913,3714,2244,702,359,1060,1633,9416,PHX,2021.0
2020-21,51,21,1,26.6,72,17480,3118,6357,0.49,940,2490,0.378,2178,3867,0.563,1124,1347,0.834,630,2462,3092,1939,517,312,902,1374,8300,PHX,2020.0
2019-20,34,39,3,24.6,73,17595,3006,6429,0.468,831,2320,0.358,2175,4109,0.529,1451,1740,0.834,712,2465,3177,1987,559,290,1077,1609,8294,PHX,2019.0
2018-19,19,63,5,24.0,82,19880,3289,7164,0.459,790,2400,0.329,2499,4764,0.525,1447,1858,0.779,748,2563,3311,1957,735,418,1279,1932,8815,PHX,2018.0
2017-18,21,61,5,23.7,82,19705,3153,7141,0.442,763,2286,0.334,2390,4855,0.492,1453,1962,0.741,842,2776,3618,1743,569,370,1289,1807,8522,PHX,2017.0
2016-17,24,58,5,25.0,82,19830,3270,7260,0.45,615,1854,0.332,2655,5406,0.491,1676,2159,0.776,976,2712,3688,1604,673,399,1265,2030,8831,PHX,2016.0
2015-16,23,59,4,26.0,82,19705,3051,7018,0.435,738,2118,0.348,2313,4900,0.472,1431,1905,0.751,943,2733,3676,1701,632,313,1410,1858,8271,PHX,2015.0
2014-15,39,43,3,25.7,82,19880,3178,7038,0.452,698,2048,0.341,2480,4990,0.497,1343,1767,0.76,896,2643,3539,1659,700,385,1238,1744,8397,PHX,2014.0
2013-14,48,34,3,26.2,82,19755,3172,6845,0.463,765,2055,0.372,2407,4790,0.503,1520,2004,0.758,928,2601,3529,1563,688,374,1258,1798,8629,PHX,2013.0
2012-13,25,57,5,26.9,82,19805,3061,6917,0.443,480,1455,0.33,2581,5462,0.473,1203,1618,0.744,959,2454,3413,1855,659,434,1278,1688,7805,PHX,2012.0
2011-12,33,33,3,28.9,66,15840,2495,5445,0.458,444,1295,0.343,2051,4150,0.494,1058,1397,0.757,717,2035,2752,1486,431,366,928,1233,6492,PHX,2011.0
2010-11,40,42,2,29.6,82,20005,3219,6844,0.47,701,1857,0.377,2518,4987,0.505,1472,1939,0.759,821,2478,3299,1945,545,357,1169,1666,8611,PHX,2010.0
2024-25,36,46,4,23.8,82,19780,3325,7396,0.45,1057,3095,0.342,2268,4301,0.527,1386,1820,0.762,1095,2576,3671,1952,678,433,1309,1558,9093,POR,2024.0
2023-24,21,61,5,24.1,82,19880,3227,7356,0.439,939,2723,0.345,2288,4633,0.494,1329,1680,0.791,1036,2469,3505,1894,627,354,1249,1654,8722,POR,2023.0
2022-23,33,49,5,25.1,82,19730,3317,7001,0.474,1056,2893,0.365,2261,4108,0.55,1609,2021,0.796,774,2551,3325,1981,553,376,1185,1643,9299,POR,2022.0
2021-22,27,55,4,25.6,82,19730,3161,7144,0.442,1043,3017,0.346,2118,4127,0.513,1346,1771,0.76,854,2661,3515,1880,657,366,1187,1728,8711,POR,2021.0
2020-21,42,30,3,27.4,72,17305,2973,6558,0.453,1132,2939,0.385,1841,3619,0.509,1282,1558,0.823,766,2441,3207,1531,496,363,799,1362,8360,POR,2020.0
2019-20,35,39,4,27.5,74,17835,3122,6749,0.463,952,2525,0.377,2170,4224,0.514,1312,1632,0.804,754,2599,3353,1525,465,451,946,1606,8508,POR,2019.0
2018-19,53,29,2,26.2,82,19855,3470,7427,0.467,904,2520,0.359,2566,4907,0.523,1558,1914,0.814,967,2968,3935,1887,546,413,1135,1669,9402,POR,2018.0
2017-18,49,33,1,25.6,82,19755,3222,7132,0.452,845,2308,0.366,2377,4824,0.493,1372,1715,0.8,835,2893,3728,1599,573,423,1109,1599,8661,POR,2017.0
2016-17,41,41,3,24.8,82,19930,3243,7059,0.459,852,2272,0.375,2391,4787,0.499,1513,1940,0.78,830,2750,3580,1733,574,408,1126,1736,8851,POR,2016.0
2015-16,44,38,2,24.3,82,19805,3167,7040,0.45,864,2336,0.37,2303,4704,0.49,1424,1889,0.754,948,2782,3730,1748,562,380,1200,1782,8622,POR,2015.0
2014-15,51,31,1,27.0,82,19855,3175,7049,0.45,807,2231,0.362,2368,4818,0.491,1272,1589,0.801,879,2881,3760,1799,525,372,1117,1494,8429,POR,2014.0
2013-14,54,28,2,25.8,82,19855,3207,7134,0.45,770,2071,0.372,2437,5063,0.481,1569,1926,0.815,1022,2786,3808,1904,454,387,1125,1576,8753,POR,2013.0
2012-13,33,49,4,24.4,82,19855,3009,6715,0.448,673,1904,0.353,2336,4811,0.486,1304,1680,0.776,874,2474,3348,1784,538,353,1203,1518,7995,POR,2012.0
2011-12,28,38,4,27.5,66,15965,2402,5417,0.443,478,1382,0.346,1924,4035,0.477,1133,1423,0.796,735,1949,2684,1349,528,322,935,1251,6415,POR,2011.0
2010-11,48,34,3,26.7,82,19805,2951,6599,0.447,518,1503,0.345,2433,5096,0.477,1476,1835,0.804,996,2230,3226,1736,660,358,1070,1585,7896,POR,2010.0
2024-25,40,42,4,27.8,82,19880,3529,7385,0.478,1032,2887,0.357,2497,4498,0.555,1400,1738,0.806,901,2723,3624,2169,620,357,1092,1548,9490,SAC,2024.0
2023-24,46,36,4,26.4,82,19855,3553,7455,0.477,1178,3219,0.366,2375,4236,0.561,1274,1710,0.745,888,2719,3607,2324,625,342,1078,1632,9558,SAC,2023.0
2022-23,48,34,1,25.4,82,19830,3573,7232,0.494,1128,3060,0.369,2445,4172,0.586,1624,2055,0.79,782,2699,3481,2237,574,275,1106,1616,9898,SAC,2022.0
2021-22,30,52,5,25.8,82,19805,3321,7223,0.46,937,2722,0.344,2384,4501,0.53,1466,1908,0.768,784,2737,3521,1943,588,369,1156,1552,9045,SAC,2021.0
2020-21,31,41,5,25.6,72,17305,3067,6382,0.481,874,2400,0.364,2193,3982,0.551,1181,1585,0.745,674,2307,2981,1836,543,358,963,1400,8189,SAC,2020.0
2019-20,31,41,4,27.0,72,17455,2943,6364,0.462,914,2511,0.364,2029,3853,0.527,1127,1464,0.77,695,2372,3067,1713,556,293,1043,1595,7927,SAC,2019.0
2018-19,39,43,3,24.8,82,19730,3541,7637,0.464,927,2455,0.378,2614,5182,0.504,1354,1865,0.726,906,2819,3725,2083,679,363,1095,1751,9363,SAC,2018.0
2017-18,27,55,4,26.3,82,19755,3179,7063,0.45,738,1967,0.375,2441,5096,0.479,1008,1371,0.735,777,2578,3355,1768,643,340,1125,1639,8104,SAC,2017.0
2016-17,32,50,3,27.8,82,19880,3105,6734,0.461,737,1960,0.376,2368,4774,0.496,1483,1913,0.775,715,2652,3367,1844,627,324,1201,1667,8430,SAC,2016.0
2015-16,33,49,3,26.6,82,19805,3283,7083,0.464,660,1839,0.359,2623,5244,0.5,1514,2089,0.725,868,2760,3628,2009,733,368,1326,1676,8740,SAC,2015.0
2014-15,29,53,4,26.0,82,19855,3010,6617,0.455,461,1350,0.341,2549,5267,0.484,1829,2400,0.762,895,2728,3623,1667,550,324,1333,1696,8310,SAC,2014.0
2013-14,28,54,4,24.9,82,19830,3026,6766,0.447,491,1475,0.333,2535,5291,0.479,1698,2237,0.759,990,2656,3646,1547,587,318,1249,1849,8241,SAC,2013.0
2012-13,28,54,4,25.6,82,19830,3086,6904,0.447,610,1681,0.363,2476,5223,0.474,1437,1869,0.769,943,2385,3328,1708,671,342,1199,1717,8219,SAC,2012.0
2011-12,22,44,5,24.3,66,15915,2490,5712,0.436,411,1301,0.316,2079,4411,0.471,1127,1532,0.736,882,1947,2829,1271,561,323,952,1287,6518,SAC,2011.0
2010-11,24,58,5,24.8,82,19855,3134,6979,0.449,428,1277,0.335,2706,5702,0.475,1455,1981,0.734,1071,2526,3597,1675,608,391,1324,1805,8151,SAC,2010.0
2024-25,34,48,4,26.0,82,19730,3426,7362,0.465,1158,3246,0.357,2268,4116,0.551,1332,1721,0.774,896,2685,3581,2348,674,455,1138,1363,9342,SAS,2024.0
2023-24,22,60,5,23.0,82,19830,3438,7436,0.462,1036,2983,0.347,2402,4453,0.539,1280,1637,0.782,849,2778,3627,2449,584,520,1242,1414,9192,SAS,2023.0
2022-23,22,60,5,23.9,82,19855,3533,7593,0.465,911,2640,0.345,2622,4953,0.529,1292,1739,0.743,965,2619,3584,2232,572,322,1253,1630,9269,SAS,2022.0
2021-22,34,48,4,24.5,82,19805,3546,7601,0.467,925,2626,0.352,2621,4975,0.527,1262,1673,0.754,901,2815,3716,2289,626,403,1043,1483,9279,SAS,2021.0
2020-21,33,39,3,26.2,72,17480,3014,6518,0.462,716,2046,0.35,2298,4472,0.514,1254,1584,0.792,669,2489,3158,1759,505,366,821,1293,7998,SAS,2020.0
2019-20,32,39,4,27.6,71,17215,2995,6350,0.472,760,2021,0.376,2235,4329,0.516,1348,1664,0.81,640,2530,3170,1751,518,390,895,1377,8098,SAS,2019.0
2018-19,48,34,2,28.8,82,19805,3468,7248,0.478,812,2071,0.392,2656,5177,0.513,1408,1720,0.819,757,2910,3667,2013,501,386,992,1487,9156,SAS,2018.0
2017-18,47,35,3,29.3,82,19730,3202,6999,0.457,696,1977,0.352,2506,5022,0.499,1324,1715,0.772,849,2777,3626,1868,628,460,1078,1408,8424,SAS,2017.0
2016-17,61,21,1,29.6,82,19805,3222,6864,0.469,753,1927,0.391,2469,4937,0.5,1440,1806,0.797,821,2777,3598,1954,655,484,1101,1498,8637,SAS,2016.0
2015-16,67,15,1,30.3,82,19705,3289,6797,0.484,570,1518,0.375,2719,5279,0.515,1342,1672,0.803,770,2831,3601,2010,677,485,1071,1433,8490,SAS,2015.0
2014-15,55,27,3,29.8,82,19955,3208,6854,0.468,677,1847,0.367,2531,5007,0.505,1368,1754,0.78,806,2772,3578,2000,657,444,1146,1564,8461,SAS,2014.0
2013-14,62,20,1,28.9,82,19755,3326,6844,0.486,698,1757,0.397,2628,5087,0.517,1289,1642,0.785,762,2786,3548,2064,604,420,1180,1495,8639,SAS,2013.0
2012-13,58,24,1,28.6,82,19880,3210,6675,0.481,663,1764,0.376,2547,4911,0.519,1365,1725,0.791,666,2721,3387,2058,695,446,1206,1427,8448,SAS,2012.0
2011-12,50,16,1,27.5,66,15940,2611,5463,0.478,552,1405,0.393,2059,4058,0.507,1067,1427,0.748,683,2153,2836,1528,490,293,895,1143,6841,SAS,2011.0
2010-11,61,21,1,28.8,82,19780,3148,6628,0.475,685,1727,0.397,2463,4901,0.503,1521,1984,0.767,829,2603,3432,1836,602,372,1101,1556,8502,SAS,2010.0
2024-25,30,52,3,24.5,82,19805,3414,7462,0.458,969,2786,0.348,2445,4676,0.523,1294,1729,0.748,1034,2666,3700,2340,664,348,1257,1738,9091,TOR,2024.0
2023-24,25,57,5,25.9,82,19805,3466,7356,0.471,942,2712,0.347,2524,4644,0.543,1339,1772,0.756,891,2607,3498,2335,634,388,1147,1509,9213,TOR,2023.0
2022-23,41,41,5,25.8,82,19805,3434,7489,0.459,880,2626,0.335,2554,4863,0.525,1506,1922,0.784,1043,2485,3528,1961,772,424,956,1641,9254,TOR,2022.0
2021-22,48,34,3,24.8,82,19855,3332,7489,0.445,979,2808,0.349,2353,4681,0.503,1327,1749,0.759,1095,2622,3717,1809,738,376,1021,1607,8970,TOR,2021.0
2020-21,27,45,5,26.6,72,17305,2859,6383,0.448,1041,2831,0.368,1818,3552,0.512,1252,1536,0.815,680,2314,2994,1735,618,388,952,1526,8011,TOR,2020.0
2019-20,53,19,1,26.6,72,17380,2897,6331,0.458,995,2663,0.374,1902,3668,0.519,1329,1670,0.796,685,2583,3268,1816,636,358,1067,1559,8118,TOR,2019.0
2018-19,58,24,1,27.3,82,19880,3460,7305,0.474,1015,2771,0.366,2445,4534,0.539,1449,1803,0.804,786,2920,3706,2085,680,437,1150,1724,9384,TOR,2018.0
2017-18,59,23,1,25.8,82,19830,3383,7169,0.472,968,2705,0.358,2415,4464,0.541,1422,1790,0.794,800,2807,3607,1995,626,500,1095,1783,9156,TOR,2017.0
2016-17,51,31,2,26.1,82,19780,3211,6918,0.464,725,1996,0.363,2486,4922,0.505,1615,2028,0.796,871,2676,3547,1517,677,400,1041,1708,8762,TOR,2016.0
2015-16,56,26,1,26.3,82,19780,3006,6669,0.451,708,1915,0.37,2298,4754,0.483,1702,2190,0.777,836,2724,3560,1536,636,449,1073,1610,8422,TOR,2015.0
2014-15,49,33,1,26.1,82,19855,3108,6829,0.455,726,2060,0.352,2382,4769,0.499,1585,2014,0.787,881,2526,3407,1701,615,357,1057,1712,8527,TOR,2014.0
2013-14,48,34,1,25.6,82,19955,2992,6718,0.445,713,1917,0.372,2279,4801,0.475,1608,2055,0.782,935,2552,3487,1737,577,343,1159,1882,8305,TOR,2013.0
2012-13,34,48,5,25.4,82,19980,2979,6685,0.446,571,1665,0.343,2408,5020,0.48,1442,1831,0.788,871,2426,3297,1765,595,392,1124,1836,7971,TOR,2012.0
2011-12,23,43,4,25.7,66,15965,2268,5154,0.44,365,1075,0.34,1903,4079,0.467,1085,1410,0.77,697,2074,2771,1382,429,321,1001,1532,5986,TOR,2011.0
2010-11,22,60,5,24.5,82,19780,3144,6755,0.465,345,1091,0.316,2799,5664,0.494,1491,1976,0.755,963,2343,3306,1795,581,350,1206,1807,8124,TOR,2010.0
2024-25,17,65,5,23.9,82,19805,3305,7272,0.454,1144,3267,0.35,2161,4005,0.54,1421,1836,0.774,983,2741,3724,2093,555,360,1412,1549,9175,UTA,2024.0
2023-24,31,51,4,25.1,82,19805,3443,7371,0.467,1060,2993,0.354,2383,4378,0.544,1538,1853,0.83,1002,2725,3727,2232,537,458,1285,1523,9484,UTA,2023.0
2022-23,37,45,4,26.5,82,19805,3485,7365,0.473,1094,3099,0.353,2391,4266,0.56,1536,1955,0.786,968,2794,3762,2129,500,429,1259,1679,9600,UTA,2022.0
2021-22,49,33,1,29.3,82,19730,3327,7067,0.471,1192,3308,0.36,2135,3759,0.568,1470,1916,0.767,884,2916,3800,1836,588,402,1149,1547,9316,UTA,2021.0
2020-21,52,20,1,28.5,72,17355,2971,6344,0.468,1205,3098,0.389,1766,3246,0.544,1235,1546,0.799,765,2709,3474,1703,474,371,1023,1335,8382,UTA,2020.0
2019-20,44,28,3,27.3,72,17355,2886,6130,0.471,963,2537,0.38,1923,3593,0.535,1278,1641,0.779,656,2577,3233,1615,438,292,1089,1468,8013,UTA,2019.0
2018-19,50,32,3,27.3,82,19755,3314,7082,0.468,993,2789,0.356,2321,4293,0.541,1540,2092,0.736,820,2981,3801,2133,663,483,1240,1728,9161,UTA,2018.0
2017-18,48,34,3,26.7,82,19755,3139,6797,0.462,887,2425,0.366,2252,4372,0.515,1375,1766,0.779,740,2807,3547,1839,708,420,1205,1608,8540,UTA,2017.0
2016-17,51,31,1,26.8,82,19755,3033,6515,0.466,791,2128,0.372,2242,4387,0.511,1401,1875,0.747,771,2774,3545,1651,550,410,1118,1545,8258,UTA,2016.0
2015-16,40,42,3,24.2,82,19955,2957,6593,0.449,694,1956,0.355,2263,4637,0.488,1402,1885,0.744,880,2665,3545,1554,631,425,1224,1655,8010,UTA,2015.0
2014-15,38,44,3,23.4,82,19705,2900,6492,0.447,610,1781,0.343,2290,4711,0.486,1391,1929,0.721,988,2617,3605,1632,623,489,1256,1583,7801,UTA,2014.0
2013-14,25,57,5,24.5,82,19780,2951,6652,0.444,543,1577,0.344,2408,5075,0.474,1346,1803,0.747,904,2477,3381,1664,570,366,1200,1699,7791,UTA,2013.0
2012-13,43,39,3,26.3,82,19880,3046,6710,0.454,507,1385,0.366,2539,5325,0.477,1439,1883,0.764,989,2457,3446,1859,690,515,1210,1750,8038,UTA,2012.0
2011-12,36,30,3,25.6,66,16165,2523,5531,0.456,273,845,0.323,2250,4686,0.48,1258,1668,0.754,861,2055,2916,1439,545,385,936,1441,6577,UTA,2011.0
2010-11,39,43,4,26.8,82,19880,3064,6590,0.465,435,1256,0.346,2629,5334,0.493,1590,2061,0.771,898,2338,3236,1921,629,484,1175,1865,8153,UTA,2010.0
2024-25,18,64,5,23.5,82,19730,3233,7371,0.439,1075,3210,0.335,2158,4161,0.519,1315,1690,0.778,867,2716,3583,2058,623,420,1276,1618,8856,WAS,2024.0
2023-24,15,67,5,24.9,82,19730,3523,7493,0.47,1015,2915,0.348,2508,4578,0.548,1266,1657,0.764,755,2613,3368,2288,623,415,1147,1637,9327,WAS,2023.0
2022-23,35,47,3,26.2,82,19755,3456,7127,0.485,925,2601,0.356,2531,4526,0.559,1442,1838,0.785,774,2804,3578,2083,561,424,1158,1539,9279,WAS,2022.0
2021-22,35,47,4,25.9,82,19830,3327,7056,0.472,860,2512,0.342,2467,4544,0.543,1393,1778,0.783,737,2798,3535,2052,522,406,1077,1545,8907,WAS,2021.0
2020-21,34,38,3,26.6,72,17405,3108,6547,0.475,733,2088,0.351,2375,4459,0.533,1449,1884,0.769,697,2557,3254,1835,528,297,1037,1555,8398,WAS,2020.0
2019-20,25,47,4,25.1,72,17355,2990,6544,0.457,864,2345,0.368,2126,4199,0.506,1394,1770,0.788,732,2295,3027,1801,574,309,1020,1634,8238,WAS,2019.0
2018-19,32,50,4,26.5,82,19930,3456,7387,0.468,930,2731,0.341,2526,4656,0.543,1508,1963,0.768,794,2679,3473,2154,683,379,1154,1701,9350,WAS,2018.0
2017-18,43,39,2,26.9,82,19855,3275,7018,0.467,814,2173,0.375,2461,4845,0.508,1378,1786,0.772,823,2713,3536,2065,645,353,1196,1746,8742,WAS,2017.0
2016-17,49,33,1,26.0,82,19855,3388,7137,0.475,756,2030,0.372,2632,5107,0.515,1421,1812,0.784,843,2671,3514,1956,693,336,1162,1745,8953,WAS,2016.0
2015-16,41,41,4,27.3,82,19755,3238,7033,0.46,709,1983,0.358,2529,5050,0.501,1349,1849,0.73,743,2688,3431,2005,708,323,1186,1708,8534,WAS,2015.0
2014-15,46,36,2,28.6,82,19955,3139,6790,0.462,497,1381,0.36,2642,5409,0.488,1305,1758,0.742,862,2801,3663,1969,601,378,1233,1707,8080,WAS,2014.0
2013-14,44,38,2,26.3,82,20055,3177,6920,0.459,647,1704,0.38,2530,5216,0.485,1253,1715,0.731,886,2573,3459,1909,668,377,1204,1675,8254,WAS,2013.0
2012-13,29,53,3,25.4,82,19855,2910,6693,0.435,545,1495,0.365,2365,5198,0.455,1279,1746,0.733,887,2652,3539,1775,598,376,1238,1681,7644,WAS,2012.0
2011-12,20,46,4,24.2,66,15865,2414,5475,0.441,344,1075,0.32,2070,4400,0.47,1008,1386,0.727,775,1975,2750,1262,527,417,1008,1405,6180,WAS,2011.0
2010-11,23,59,5,24.9,82,19930,3048,6888,0.443,392,1182,0.332,2656,5706,0.465,1489,1999,0.745,1013,2374,3387,1592,665,502,1258,1850,7977,WAS,2010.0
